page,page_photo,support_photo,section_photo,photo_4,photo_5
humanity-dignity,v3/image_0000.avif,v3/image_0001.avif,v3/image_0002.avif,,
apply,v3/image_0003.avif,v3/image_0004.avif,v3/image_0005.avif,,
fellow-benefits,v3/image_0006.avif,v3/image_0007.avif,v3/image_0008.avif,,
fellows,v3/image_0009.avif,v3/image_0010.avif,v3/image_0011.avif,,
our-mission,v3/image_0012.avif,v3/image_0013.avif,v3/image_0014.avif,,
why-us-fellows,v3/image_0015.avif,v3/image_0016.avif,v3/image_0017.avif,v3/image_0018.avif,
doorways,v3/image_0019.avif,v3/image_0020.avif,v3/image_0021.avif,,
become-a-fellow,v3/image_0022.avif,v3/image_0023.avif,v3/image_0024.avif,,
science-discovery,v3/image_0025.avif,v3/image_0026.avif,v3/image_0027.avif,,
field-reports,v3/image_0028.avif,v3/image_0029.avif,v3/image_0030.avif,,
essays-research-notes,v3/image_0031.avif,v3/image_0032.avif,v3/image_0033.avif,,
journal,v3/image_0034.avif,v3/image_0035.avif,v3/image_0036.avif,v3/image_0037.avif,
international-rd-scholars,v3/image_0038.avif,v3/image_0039.avif,v3/image_0040.avif,,
career-advancement,v3/image_0041.avif,v3/image_0042.avif,v3/image_0043.avif,,
fellow-stories,v3/image_0044.avif,v3/image_0045.avif,v3/image_0046.avif,,
research-scientist-network,v3/image_0047.avif,v3/image_0048.avif,v3/image_0049.avif,,
planetary-stewardship,v3/image_0050.avif,v3/image_0051.avif,v3/image_0052.avif,,
mission,v3/image_0053.avif,v3/image_0054.avif,v3/image_0055.avif,v3/image_0056.avif,
vision,v3/image_0057.avif,v3/image_0058.avif,v3/image_0059.avif,,
missions,v3/image_0060.avif,v3/image_0061.avif,v3/image_0062.avif,,
national-capacity-resilience,v3/image_0063.avif,v3/image_0064.avif,v3/image_0065.avif,,
journey,v3/image_0066.avif,v3/image_0067.avif,v3/image_0068.avif,v3/image_0069.avif,
pathways,v3/image_0070.avif,v3/image_0071.avif,v3/image_0072.avif,,
selection-criteria,v3/image_0075.avif,v3/image_0076.avif,v3/image_0077.avif,,
eligibility,v3/image_0078.avif,v3/image_0079.avif,v3/image_0080.avif,,
international-graduate-fellows,v3/image_0081.avif,v3/image_0082.avif,v3/image_0083.avif,v3/image_0084.avif,
nominate-a-fellow,v3/image_0085.avif,v3/image_0086.avif,v3/image_0087.avif,,
partners,v3/image_0088.avif,v3/image_0089.avif,v3/image_0090.avif,,
scholars,v3/image_0091.avif,v3/image_0092.avif,v3/image_0093.avif,,
trusted-rd-scholar,v3/image_0094.avif,v3/image_0095.avif,v3/image_0096.avif,,
distinguished-rd-scholar,v3/image_0097.avif,v3/image_0098.avif,v3/image_0099.avif,,
civic-life-public-trust,v3/image_0100.avif,v3/image_0101.avif,v3/image_0102.avif,,
code-of-service,v3/image_0103.avif,v3/image_0104.avif,v3/image_0105.avif,,
fellowship-oath,v3/image_0106.avif,v3/image_0107.avif,v3/image_0108.avif,,
governance-stewardship,v3/image_0109.avif,v3/image_0110.avif,v3/image_0111.avif,,
us-fellows-standard,v3/image_0112.avif,v3/image_0113.avif,v3/image_0114.avif,v3/image_0115.avif,
privacy-policy,v3/image_0116.avif,v3/image_0117.avif,v3/image_0118.avif,,
terms-of-service,v3/image_0119.avif,v3/image_0120.avif,v3/image_0121.avif,,
convenings-honors,v3/image_0122.avif,v3/image_0123.avif,v3/image_0124.avif,,
scholar-standards,v3/image_0125.avif,v3/image_0126.avif,v3/image_0127.avif,v3/image_0128.avif,
scholars-network,v3/image_0129.avif,v3/image_0130.avif,v3/image_0131.avif,v3/image_0132.avif,
submit-opportunity,v3/image_0133.avif,v3/image_0134.avif,v3/image_0135.avif,v3/image_0136.avif,
appointment-model,v3/image_0137.avif,v3/image_0138.avif,v3/image_0139.avif,v3/image_0140.avif,
index,v3/image_0141.avif,v3/image_0142.avif,v3/image_0143.avif,v3/image_0144.avif,v3/image_0145.avif
national-capacity-fellows,v3/image_0150.avif,v3/image_0151.avif,v3/image_0152.avif,v3/image_0153.avif,
host-institutions,v3/image_0154.avif,v3/image_0155.avif,v3/image_0156.avif,,
become-a-host,v3/image_0157.avif,v3/image_0158.avif,v3/image_0159.avif,,
who-can-host,v3/image_0160.avif,v3/image_0161.avif,v3/image_0162.avif,,
host-standards,v3/image_0163.avif,v3/image_0164.avif,v3/image_0165.avif,,
institutional-briefings,v3/image_0166.avif,v3/image_0167.avif,v3/image_0168.avif,,
impact-reports,v3/image_0169.avif,v3/image_0170.avif,v3/image_0171.avif,v3/image_0172.avif,
society,v3/image_0175.avif,v3/image_0176.avif,v3/image_0177.avif,,
fellowship-society,v3/image_0178.avif,v3/image_0179.avif,v3/image_0180.avif,,
cohorts-chapters,v3/image_0181.avif,v3/image_0182.avif,v3/image_0183.avif,,
fellowship-programs,v3/image_0184.avif,v3/image_0185.avif,v3/image_0186.avif,,
fellowships,v3/image_0187.avif,v3/image_0188.avif,v3/image_0189.avif,v3/image_0190.avif,
mission-fellowships,v3/image_0191.avif,v3/image_0192.avif,v3/image_0193.avif,,
resident-rd-scholar,v3/image_0194.avif,v3/image_0195.avif,v3/image_0196.avif,,
principal-rd-scholar,v3/image_0197.avif,v3/image_0198.avif,v3/image_0199.avif,,
